Time steps,Time Taken
10,0.236505
25,0.577209
50,1.093652
100,2.168017
250,5.384633
500,10.789814
750,16.240956
1000,21.910913
1500,33.035083
2500,54.340246
3000,64.936309
4000,86.64056
5000,108.063672
6000,129.57842
7500,162.473812
10000,216.98325
25000,539.175369
50000,1082.396648
100000,2164.123773